
--CLIENTES
INSERT INTO CLIENTES (CLI_CEDULA,CLI_NOMBRE,CLI_DIRECCION,CLI_TELEFONO)VALUES( 10, 'John Smith','CALLE 100 # 54-09','555-4562')
;
INSERT INTO CLIENTES (CLI_CEDULA,CLI_NOMBRE,CLI_DIRECCION,CLI_TELEFONO)VALUES( 15, 'Logan Pardo','CARRERA 64B # 14-09','434-4562')
;
INSERT INTO CLIENTES (CLI_CEDULA,CLI_NOMBRE,CLI_DIRECCION,CLI_TELEFONO)VALUES( 20, 'Jacob Martin','AVE 6 # 100-09','465-4562')
;
INSERT INTO CLIENTES (CLI_CEDULA,CLI_NOMBRE,CLI_DIRECCION,CLI_TELEFONO)VALUES( 25, 'Benjamin Jares','CRA 15 # 80-09','865-4562')
;
INSERT INTO CLIENTES (CLI_CEDULA,CLI_NOMBRE,CLI_DIRECCION,CLI_TELEFONO)VALUES( 30, 'Jack Nicols','CALLE 90 # 76-14','144-4562')
;
INSERT INTO CLIENTES (CLI_CEDULA,CLI_NOMBRE,CLI_DIRECCION,CLI_TELEFONO)VALUES( 35, 'Noah Gooshling','CALLE 100 # 60-89','890-4562')
;
INSERT INTO CLIENTES (CLI_CEDULA,CLI_NOMBRE,CLI_DIRECCION,CLI_TELEFONO)VALUES( 40, 'William Navarro','AVE 6A # 90-09','657-4562')
;
INSERT INTO CLIENTES (CLI_CEDULA,CLI_NOMBRE,CLI_DIRECCION,CLI_TELEFONO)VALUES( 45, 'Andrew Manchers','CARRERA 8 # 43-19','781-4562')
;
INSERT INTO CLIENTES (CLI_CEDULA,CLI_NOMBRE,CLI_DIRECCION,CLI_TELEFONO)VALUES( 50, 'Samuel Salgado','AVE 78 # 1-09','123-4762')
;
INSERT INTO CLIENTES (CLI_CEDULA,CLI_NOMBRE,CLI_DIRECCION,CLI_TELEFONO)VALUES( 55, 'Joseph Mejia','CALLE 1 # 9-09','755-4532')
;
INSERT INTO CLIENTES (CLI_CEDULA,CLI_NOMBRE,CLI_DIRECCION,CLI_TELEFONO)VALUES( 60, 'Daniel Salsedo','CALLE 9 # 7-09','855-4552')
;
INSERT INTO CLIENTES (CLI_CEDULA,CLI_NOMBRE,CLI_DIRECCION,CLI_TELEFONO)VALUES( 65, 'Anthony Gomez','CALLE 15 # 107-99','955-4562')
;
INSERT INTO CLIENTES (CLI_CEDULA,CLI_NOMBRE,CLI_DIRECCION,CLI_TELEFONO)VALUES( 70, 'Angel Smith','CALLE 16 # 67-96','355-4569')
;
INSERT INTO CLIENTES (CLI_CEDULA,CLI_NOMBRE,CLI_DIRECCION,CLI_TELEFONO)VALUES( 75, 'Jacob Williams','AVE 6 # 65-109','155-4562')
;

--MASCOTAS
INSERT INTO MASCOTAS (CLI_CEDULA,MAS_CODIGO,MAS_NOMBRE,MAS_EDAD)VALUES(10,10,'FIRPO',2)
;
INSERT INTO MASCOTAS (CLI_CEDULA,MAS_CODIGO,MAS_NOMBRE,MAS_EDAD)VALUES(10,11,'PUPY',3)
;
INSERT INTO MASCOTAS (CLI_CEDULA,MAS_CODIGO,MAS_NOMBRE,MAS_EDAD)VALUES(10,12,'JIMBO',1)
;
INSERT INTO MASCOTAS (CLI_CEDULA,MAS_CODIGO,MAS_NOMBRE,MAS_EDAD)VALUES(10,13,'KANDU',2)
;
INSERT INTO MASCOTAS (CLI_CEDULA,MAS_CODIGO,MAS_NOMBRE,MAS_EDAD)VALUES(10,14,'MALAGAS',4)
;
INSERT INTO MASCOTAS (CLI_CEDULA,MAS_CODIGO,MAS_NOMBRE,MAS_EDAD)VALUES(10,15,'ZEUS',4)
;

INSERT INTO MASCOTAS (CLI_CEDULA,MAS_CODIGO,MAS_NOMBRE,MAS_EDAD)VALUES(20,20,'ZACHA',2)
;
INSERT INTO MASCOTAS (CLI_CEDULA,MAS_CODIGO,MAS_NOMBRE,MAS_EDAD)VALUES(20,21,'BRANDY',3)
;
INSERT INTO MASCOTAS (CLI_CEDULA,MAS_CODIGO,MAS_NOMBRE,MAS_EDAD)VALUES(20,22,'CALBA',1)
;
INSERT INTO MASCOTAS (CLI_CEDULA,MAS_CODIGO,MAS_NOMBRE,MAS_EDAD)VALUES(20,23,'PELUSA',2)
;
INSERT INTO MASCOTAS (CLI_CEDULA,MAS_CODIGO,MAS_NOMBRE,MAS_EDAD)VALUES(20,24,'ATOS',4)
;

INSERT INTO MASCOTAS (CLI_CEDULA,MAS_CODIGO,MAS_NOMBRE,MAS_EDAD)VALUES(30,31,'MELBA',2)
;
INSERT INTO MASCOTAS (CLI_CEDULA,MAS_CODIGO,MAS_NOMBRE,MAS_EDAD)VALUES(30,32,'SOILA',4)
;

INSERT INTO MASCOTAS (CLI_CEDULA,MAS_CODIGO,MAS_NOMBRE,MAS_EDAD)VALUES(15,40,'BRUNO',1)
;
INSERT INTO MASCOTAS (CLI_CEDULA,MAS_CODIGO,MAS_NOMBRE,MAS_EDAD)VALUES(25,41,'LASI',2)
;
INSERT INTO MASCOTAS (CLI_CEDULA,MAS_CODIGO,MAS_NOMBRE,MAS_EDAD)VALUES(35,42,'POPER',3)
;
INSERT INTO MASCOTAS (CLI_CEDULA,MAS_CODIGO,MAS_NOMBRE,MAS_EDAD)VALUES(40,43,'PIPER',4)
;
INSERT INTO MASCOTAS (CLI_CEDULA,MAS_CODIGO,MAS_NOMBRE,MAS_EDAD)VALUES(45,44,'NADIA',5)
;
INSERT INTO MASCOTAS (CLI_CEDULA,MAS_CODIGO,MAS_NOMBRE,MAS_EDAD)VALUES(50,45,'USNAVY',6)
;
INSERT INTO MASCOTAS (CLI_CEDULA,MAS_CODIGO,MAS_NOMBRE,MAS_EDAD)VALUES(55,46,'ONEDOLLAR',7)
;
INSERT INTO MASCOTAS (CLI_CEDULA,MAS_CODIGO,MAS_NOMBRE,MAS_EDAD)VALUES(60,47,'PEPE',7)
;
INSERT INTO MASCOTAS (CLI_CEDULA,MAS_CODIGO,MAS_NOMBRE,MAS_EDAD)VALUES(65,48,'PIPO',7)
;
INSERT INTO MASCOTAS (CLI_CEDULA,MAS_CODIGO,MAS_NOMBRE,MAS_EDAD)VALUES(70,49,'CHECHO',7)
;
INSERT INTO MASCOTAS (CLI_CEDULA,MAS_CODIGO,MAS_NOMBRE,MAS_EDAD)VALUES(75,50,'NADO',10)
;

--VACUNAS
INSERT INTO VACUNAS (VAC_CODIGO,VAC_NOMBRE)VALUES(10,'POLIO');

INSERT INTO VACUNAS (VAC_CODIGO,VAC_NOMBRE)VALUES(20,'PALBO');

INSERT INTO VACUNAS (VAC_CODIGO,VAC_NOMBRE)VALUES(30,'FIEBRE');

INSERT INTO VACUNAS (VAC_CODIGO,VAC_NOMBRE)VALUES(40,'PAPERA');


--VACUNAS_MASCOTAS
INSERT INTO VACUNAS_MASCOTAS (VAC_CODIGO,MAS_CODIGO,VACMAS_FECHA)VALUES(10,10,TO_DATE('13-AUG-08','DD-MON-RR'));

INSERT INTO VACUNAS_MASCOTAS (VAC_CODIGO,MAS_CODIGO,VACMAS_FECHA)VALUES(10,11,TO_DATE('13-AUG-08','DD-MON-RR'));

INSERT INTO VACUNAS_MASCOTAS (VAC_CODIGO,MAS_CODIGO,VACMAS_FECHA)VALUES(10,12,TO_DATE('13-AUG-08','DD-MON-RR'));

INSERT INTO VACUNAS_MASCOTAS (VAC_CODIGO,MAS_CODIGO,VACMAS_FECHA)VALUES(10,13,TO_DATE('13-AUG-08','DD-MON-RR'));

INSERT INTO VACUNAS_MASCOTAS (VAC_CODIGO,MAS_CODIGO,VACMAS_FECHA)VALUES(10,14,TO_DATE('13-AUG-08','DD-MON-RR'));

INSERT INTO VACUNAS_MASCOTAS (VAC_CODIGO,MAS_CODIGO,VACMAS_FECHA)VALUES(10,15,TO_DATE('13-AUG-08','DD-MON-RR'));

INSERT INTO VACUNAS_MASCOTAS (VAC_CODIGO,MAS_CODIGO,VACMAS_FECHA)VALUES(20,13,TO_DATE('13-AUG-08','DD-MON-RR'));

INSERT INTO VACUNAS_MASCOTAS (VAC_CODIGO,MAS_CODIGO,VACMAS_FECHA)VALUES(20,14,TO_DATE('13-AUG-08','DD-MON-RR'));

INSERT INTO VACUNAS_MASCOTAS (VAC_CODIGO,MAS_CODIGO,VACMAS_FECHA)VALUES(20,15,TO_DATE('13-AUG-08','DD-MON-RR'));

INSERT INTO VACUNAS_MASCOTAS (VAC_CODIGO,MAS_CODIGO,VACMAS_FECHA)VALUES(30,14,TO_DATE('13-AUG-08','DD-MON-RR'));

INSERT INTO VACUNAS_MASCOTAS (VAC_CODIGO,MAS_CODIGO,VACMAS_FECHA)VALUES(30,15,TO_DATE('13-AUG-08','DD-MON-RR'));


INSERT INTO VACUNAS_MASCOTAS (VAC_CODIGO,MAS_CODIGO,VACMAS_FECHA)VALUES(10,20,TO_DATE('13-AUG-08','DD-MON-RR'));

INSERT INTO VACUNAS_MASCOTAS (VAC_CODIGO,MAS_CODIGO,VACMAS_FECHA)VALUES(10,21,TO_DATE('13-AUG-08','DD-MON-RR'));

INSERT INTO VACUNAS_MASCOTAS (VAC_CODIGO,MAS_CODIGO,VACMAS_FECHA)VALUES(10,22,TO_DATE('13-AUG-08','DD-MON-RR'));

INSERT INTO VACUNAS_MASCOTAS (VAC_CODIGO,MAS_CODIGO,VACMAS_FECHA)VALUES(10,23,TO_DATE('13-AUG-08','DD-MON-RR'));

INSERT INTO VACUNAS_MASCOTAS (VAC_CODIGO,MAS_CODIGO,VACMAS_FECHA)VALUES(10,24,TO_DATE('13-AUG-08','DD-MON-RR'));

INSERT INTO VACUNAS_MASCOTAS (VAC_CODIGO,MAS_CODIGO,VACMAS_FECHA)VALUES(20,20,TO_DATE('13-AUG-08','DD-MON-RR'));

INSERT INTO VACUNAS_MASCOTAS (VAC_CODIGO,MAS_CODIGO,VACMAS_FECHA)VALUES(20,21,TO_DATE('13-AUG-08','DD-MON-RR'));

INSERT INTO VACUNAS_MASCOTAS (VAC_CODIGO,MAS_CODIGO,VACMAS_FECHA)VALUES(20,22,TO_DATE('13-AUG-08','DD-MON-RR'));

INSERT INTO VACUNAS_MASCOTAS (VAC_CODIGO,MAS_CODIGO,VACMAS_FECHA)VALUES(30,22,TO_DATE('13-AUG-08','DD-MON-RR'));
